plot_id,lat,long,soil_C,a_ly_tk,ab_ly_tk,b_ly_tk,soil_Depth,生物量总量,abv_C,tree_H,Diam_C,comm,elv,dominant,slope_drg,slp_dir,slp_pos,mem
XXALYF080726001,47.36000000000,128.19300000000,11 ,15 ,30 ,20 ,65 ,5605.00294295000,2.80250147148,12.62916660060,13.92083337410,兴安落叶松人工林,305.00000000000,兴安落叶松,10,165,中
XXALYF080726002,47.37433300000,128.18315000000,11 ,18 ,0 ,20 ,38 ,2800.45561145000,1.40022780573,13.99999990460,20.40999965670,红松-枫桦林,307.00000000000,红松,50,东
XXALYF080726004,47.36063800000,128.19370800000,7 ,10 ,0 ,35 ,45 ,4049.14056848000,2.02457028424,12.03225811070,15.08709687570,白桦林,324.00000000000,白桦,1.90915239,0,,天然次生林，有旅游。
XXALYF080727003,46.69392800000,128.87859200000,7 ,15 ,0 ,23 ,38 ,5678.97754792000,2.83948877396,16.24736842040,18.53157886860,兴安落叶松人工林,257.00000000000,兴安落叶松,14.244157791,66.80140686
XXALYF080727005,46.69300000000,128.87000000000,20 ,33 ,0 ,16 ,49 ,1927.52974050000,0.96376487025,8.54545454545,9.28787878788,兴安落叶松朝鲜柳人天混,535.00000000000,兴安落叶松,10,东南
XXALYF080728007,46.89034500000,128.42765000000,8 ,18 ,0 ,18 ,36 ,4657.84479296000,2.32892239648,9.13461538462,11.17948717950,红松阔叶林,358.00000000000,红松,13,245,中下
XXALYF080728009,46.89497700000,128.41521800000,6 ,19 ,27 ,28 ,74 ,4905.88365818000,2.45294182909,13.36059114150,8.76729063271,兴安落叶松人工林,343.00000000000,兴安落叶松,3.8436682224,240.25511169
XXALYF080728010,46.91830500000,128.43719200000,15 ,19 ,17 ,17 ,53 ,11662.75983290000,5.83137991645,14.62187492850,19.18437515700,红松人工林,326.00000000000,红松,10,西北,中
XXALYF080729011,47.18094000000,128.89534300000,17 ,34 ,0 ,23 ,57 ,19795.09158850000,9.89754579425,15.02714285510,17.34714287690,鱼鳞云杉红松林,405.00000000000,红松,23,167,中下
XXALYF080729012,47.18000000000,128.89500000000,9 ,20 ,0 ,20 ,40 ,20865.59181750000,10.43279590875,16.04146328210,25.62926846020,红松林,380.00000000000,红松,18,东北偏东70
XXALYF080729013,47.18432300000,128.88769700000,10 ,23 ,0 ,27 ,50 ,6414.10595779000,3.20705297890,13.44267240680,10.41982761430,白桦林,388.00000000000,白桦,4,320,下
XXALYF080729014,47.18902200000,128.44149800000,8 ,13 ,17 ,15 ,45 ,14624.53226540000,7.31226613270,18.86969697110,20.14999993640,兴安落叶松天然林,342.00000000000,兴安落叶松,0
XXALYF080730015,47.18590800000,128.87377800000,10 ,23 ,0 ,22 ,45 ,9596.96904461000,4.79848452231,11.23534477780,9.61034480148,云冷杉林,324.00000000000,云冷杉,6.37937021,63.434948
XXALYF080730016,47.13791500000,128.91558800000,6 ,22 ,0 ,25 ,47 ,15637.51078980000,7.81875539490,11.28834946870,15.79514556260,杨桦林,325.00000000000,白桦,3,245,下
XXALYF080730021,47.18338300000,128.37836800000,6 ,10 ,25 ,25 ,60 ,2185.46532601000,1.09273266301,9.61829268642,8.12857142942,云冷杉林-云冷杉红松林,362.00000000000,云冷杉,12,西南
XXALYF080801017,46.91666000000,129.09524000000,7 ,15 ,0 ,28 ,43 ,3861.50644868000,1.93075322434,7.18599999249,6.52199999094,云杉白桦林,360.00000000000,云冷杉,4.26269293,63.43494797
XXALYF080801018,46.89733000000,129.07769800000,6 ,10 ,20 ,20 ,50 ,4751.81186087000,2.37590593044,10.10210521100,9.56315787968,白桦杂木林,412.00000000000,白桦,1.39176345,329.03625488,中下
XXALYF080801019,46.93249700000,129.11794800000,8 ,18 ,0 ,18 ,36 ,5937.00063173000,2.96850031587,16.18863640180,12.78977273540,兴安落叶松混林,370.00000000000,兴安落叶松,12.40776348,155.37643433
XXALYF080802020,47.23339400000,127.11728100000,11 ,17 ,0 ,23 ,40 ,8438.97442806000,4.21948721403,14.34042553190,20.67021277610,兴安落叶松人工林,408.00000000000,兴安落叶松,3,165,下
XXALYF080802021,47.23222700000,128.74291700000,15 ,25 ,0 ,25 ,50 ,16050.35834540000,8.02517917270,18.17499995230,23.28124992050,红松天然林,414.00000000000,红松,3,214度,下
XXALYF080802022,47.48945700000,128.78022300000,12 ,15 ,40 ,0 ,55 ,4849.01952436000,2.42450976218,10.31562501190,13.71093759690,云冷杉 红松 白桦林,317.00000000000,云冷杉,5,南,中
XXALYF080802024,47.20205300000,128.49166700000,15 ,33 ,0 ,35 ,68 ,5496.41838124000,2.74820919062,7.94117647460,6.82521008844,白桦林,336.00000000000,白桦,15,325,中下
XXALYF080803025,46.76530000000,129.08716000000,10 ,20 ,0 ,10 ,30 ,3.91443259225,0.00195721630,2.79999995232,2.39999997616,开阔地造林,348.00000000000,红松,2.45639467,330.94540405
XXALYF080803027,46.81099800000,129.03701700000,10 ,16 ,0 ,60 ,76 ,2836.49757407000,1.41824878704,9.85979902804,7.06080401603,兴安落叶松人工林,494.00000000000,兴安落叶松,10,10
XXALYF080803028,46.83520000000,129.13491000000,16 ,25 ,0 ,20 ,45 ,5986.76957276000,2.99338478638,12.42421053840,10.30105266070,杨桦林,509.00000000000,白桦,15,10,下
XXALYF080804033,47.12219300000,129.41947700000,14 ,28 ,0 ,9 ,37 ,1210.88506545000,0.60544253273,8.67968750000,8.01562500000,杂木林,165.00000000000,其他,2.90182161,170.53767395,下
XXALYF080804034,47.10456500000,129.41466700000,2 ,3 ,28 ,9 ,40 ,3312.96497915000,1.65648248958,8.71249999603,14.34583339100,白桦天然林,169.00000000000,白桦,2.90182161,9.46232224,下
XXALYF080804035,47.19335800000,129.24687300000,4 ,11 ,0 ,6 ,17 ,12288.27095310000,6.14413547655,14.92987020910,20.78589735280,兴安落叶松人工林,198.00000000000,兴安落叶松,18.70367813,76.47683716,中下
XXALYF080804036,47.21527300000,129.29228200000,11 ,21 ,0 ,15 ,36 ,4759.68165075000,2.37984082538,10.75235296420,8.96823528234,兴安落叶松林,189.00000000000,兴安落叶松,5.7302556,265.23635864
XXALYF080804037,47.21470000000,129.22654500000,2 ,4 ,55 ,0 ,59 ,4242.92233217000,2.12146116609,10.30769225630,12.24769224750,针阔混交林,193.00000000000,白桦,19.18076897,43.05851364
XXALYF080806038,47.56425500000,128.49089300000,7 ,22 ,0 ,73 ,95 ,1943.55073644000,0.97177536822,8.37073172593,11.72142854190,针阔混交林,381.00000000000,兴安落叶松,15度,175,中下
XXALYF080806039,47.56377500000,128.40300000000,4 ,6 ,0 ,10 ,16 ,5122.75077468000,2.56137538734,10.33387098000,14.69032255680,兴安落叶松人工林,235.00000000000,兴安落叶松,7,180,中
XXALYF080806040,47.56835000000,128.34163500000,4 ,7 ,6 ,9 ,22 ,4564.00252704000,2.28200126352,5.67952153329,6.78878502979,兴安落叶松白桦林,346.00000000000,白桦,9.04603195,47.121098
XXALYF080807042,47.47074800000,128.70599200000,5 ,13 ,0 ,15 ,28 ,4850.58580542000,2.42529290271,9.90071949856,11.25804197200,兴安落叶松人工林,371.00000000000,兴安落叶松,4.58231497,351.027374
XXALYF080807043,47.46679000000,128.71581200000,13 ,18 ,12 ,8 ,38 ,3112.52261179000,1.55626130590,8.59722220898,13.46111106870,针阔混,383.00000000000,云冷杉,3.19960141,296.565063
XXALYF080808044,47.41151800000,129.76833800000,15 ,18 ,0 ,18 ,36 ,6489.62770319000,3.24481385160,10.16315793150,16.20350873680,真阔混,345.00000000000,白桦,4.43181992,323.74615479
XXALYF080808045,47.41414300000,129.74530800000,7 ,11 ,0 ,12 ,23 ,8902.08348521000,4.45104174261,10.35384618470,10.15253166380,白桦林,381.00000000000,白桦,27.79130554,55.30484772
XXALYF080808046,47.41552000000,129.72944800000,7 ,11 ,15 ,12 ,38 ,8788.20415070000,4.39410207535,12.76279063560,19.97441852920,云冷杉林,341.00000000000,云冷杉,7,20,中下
XXALYF080809047,48.43852000000,128.87898200000,10 ,15 ,0 ,8 ,23 ,1280.31867594000,0.64015933797,6.56516857094,7.80674158321,兴安落叶松林,483.00000000000,兴安落叶松,5.00628233,177.27368164
XXALYF080809048,48.44579500000,128.28400000000,12 ,17 ,0 ,39 ,56 ,1023.55270942000,0.51177635471,5.56666668256,6.52888894081,水湿地杨桦林,461.00000000000,白桦,6.92624903,300.96374512
XXALYF080809050,48.41231300000,128.30948000000,12 ,23 ,0 ,14 ,37 ,9555.29462180000,4.77764731090,10.17121212050,10.42613636000,白桦林,542.00000000000,白桦,0,0,上
XXALYF080809051,48.39877200000,128.30579800000,10 ,15 ,0 ,60 ,75 ,7916.18934676000,3.95809467338,10.90684927330,15.45890419450,云冷杉林,551.00000000000,云冷杉,0,,上
XXALYF080811052,47.60612500000,129.19772300000,9 ,13 ,0 ,23 ,36 ,10068.81729920000,5.03440864960,9.24939757945,9.90783132990,白桦林,238.00000000000,白桦,1.72100616,33.69006729
XXALYF080811053,47.65068500000,129.19715500000,16 ,25 ,0 ,16 ,41 ,7987.96733138000,3.99398366569,9.89607839023,12.19901963310,云杉白桦林,259.00000000000,云冷杉,14.30657768,94.68589783
XXALYF080811054,47.66828800000,129.13785700000,9 ,14 ,0 ,15 ,29 ,7805.60301780000,3.90280150890,9.64736851475,14.60421057120,云冷杉林,304.00000000000,云冷杉,10,250
XXALYF080811055,47.65757200000,129.14939200000,8 ,11 ,9 ,44 ,64 ,12168.76276340000,6.08438138170,13.53283581090,16.95820893810,兴安落叶松人工林,265.00000000000,兴安落叶松,12.29941654,116.07535553,下
XXALYF080812056,48.12171200000,129.18786500000,4 ,8 ,17 ,12 ,37 ,12838.71314940000,6.41935657470,11.34303796140,17.03797465940,云冷杉红松林,346.00000000000,红松,8.40658379,220.426071
XXALYF080812057,48.10930700000,129.19065100000,4 ,9 ,0 ,27 ,36 ,15230.06844330000,7.61503422165,13.23432830200,19.66119408250,红松林原始林,317.00000000000,红松,23,南
XXALYF080812058,48.12944200000,129.18733200000,6 ,9 ,12 ,15 ,36 ,15819.61685400000,7.90980842700,12.27215186550,16.62151903740,红松林,470.00000000000,红松,50,120,中上
XXALYF080812059,48.12873000000,129.20823800000,10 ,17 ,0 ,20 ,37 ,9655.03996058000,4.82751998029,17.19032259910,18.11935480950,云冷杉林,255.00000000000,云冷杉,14.19990349,342.758545
XXALYF080814060,48.30008700000,129.00004700000,4 ,7 ,35 ,0 ,42 ,5271.92831070000,2.63596415535,9.77600002289,11.36900006770,云杉林,372.00000000000,云冷杉,17,西南
XXALYF080814061,48.28394300000,129.01642500000,12 ,11 ,15 ,30 ,56 ,4904.48666563000,2.45224333282,11.92077926540,11.87532476950,白桦次生林,394.00000000000,白桦,18.05390358,265.601288,,采伐迹地 天然更新
XXALYF080814062,48.30511700000,128.97878200000,11 ,16 ,0 ,21 ,37 ,9978.58731730000,4.98929365865,7.62643678709,14.87241397780,针阔林,473.00000000000,红松,20,7,中
XXALYF080814063,48.23396600000,128.95757800000,7 ,9 ,0 ,5 ,14 ,3859.18796361000,1.92959398181,5.85778847709,6.12115381572,白桦林,499.00000000000,白桦,15,28,中下
XXALYF080815064,48.03952500000,128.91486800000,8 ,18 ,16 ,23 ,57 ,5616.96798027000,2.80848399014,10.11538461540,14.67307692310,针阔混,261.00000000000,白桦,8.1590147,234.46232605
XXALYF080815066,47.99684200000,128.96449300000,16 ,21 ,0 ,9 ,30 ,3374.94183398000,1.68747091699,19.25000004770,20.60500028130,兴安落叶松天然林,279.00000000000,兴安落叶松,2.16078901,186.340195
XXALYF080815067,47.99857300000,128.95600600000,5 ,16 ,0 ,0 ,16 ,3106.05679301000,1.55302839651,6.98791211909,7.48967392062,兴安落叶松人工,268.00000000000,兴安落叶松,5.1287117,248.198593
XXALYF080815068,47.94007300000,128.74054000000,8 ,24 ,0 ,18 ,42 ,4906.57987756000,2.45328993878,7.88985510494,11.42857150350,阔混林,274.00000000000,白桦,8.98487663,108.434952
XXALYF080815069,48.98155700000,128.94612300000,2 ,4 ,13 ,10 ,27 ,7068.70972296000,3.53435486148,6.99176470813,12.92470598850,针阔混,303.00000000000,其他,3.94547629,154.98310852
XXALYF080816070,48.55800000000,129.53400000000,9 ,15 ,0 ,16 ,31 ,13598.37719110000,6.79918859555,13.81395347730,20.81627913410,猴腿蹄盖蕨花楷槭红松群落,410.00000000000,红松,8,南
XXALYF080816071,48.55850000000,129.53430700000,3 ,5 ,8 ,45 ,58 ,6614.77357425000,3.30738678713,11.40409829970,10.96557376420,白桦林,384.00000000000,白桦,2.43313885,101.309929,,过伐林
XXALYF080816073,48.74122000000,128.76034700000,5 ,9 ,0 ,31 ,40 ,4460.09246936000,2.23004623468,6.85530304909,10.77500004120,兴安落叶松人工林,407.00000000000,兴安落叶松,5.22670364,30.06858253
XXALYF080816074,48.74085800000,128.76035800000,8 ,14 ,0 ,37 ,51 ,5389.77356119000,2.69488678060,5.63138300561,6.52526316870,白桦林,396.00000000000,白桦,5.80822277,34.99201965
XXALYF080818076,48.58150000000,129.82500000000,7 ,11 ,0 ,30 ,41 ,10015.90683340000,5.00795341670,13.80727280700,17.19818188060,针阔混,323.00000000000,云冷杉,7,130,下
XXALYF080818078,48.58152700000,129.82523800000,24 ,19 ,0 ,13 ,32 ,12070.30703910000,6.03515351955,7.31916663051,12.07083345060,针阔混,337.00000000000,云冷杉,8.29380512,149.03624
XXALYF080818079,48.58351700000,129.81835300000,6 ,11 ,0 ,16 ,27 ,23290.70919330000,11.64535459665,10.58727273070,18.25113634830,红松林,374.00000000000,红松,13.77885723,189.78241
XXALYF080819081,48.54862000000,129.16987300000,5 ,9 ,0 ,8 ,17 ,3485.70979904000,1.74285489952,8.50357137124,10.85357143200,真阔混,454.00000000000,白桦,9.39236069,220.914383
XXALYF080819084,48.53637200000,129.21058500000,4 ,12 ,0 ,14 ,26 ,9503.09648180000,4.75154824090,8.57777775217,12.01234575630,兴安落叶松林,477.00000000000,兴安落叶松,15,101,中下
XXALYF080820085,49.06321000000,128.89067000000,5 ,8 ,0 ,11 ,19 ,4838.76516517000,2.41938258259,9.63204821047,10.41807228110,白桦林,338.00000000000,白桦,5,东北
XXALYF080820087,49.06000200000,128.59040800000,5 ,22 ,0 ,18 ,40 ,1431.15451334000,0.71557725667,5.05294118463,6.09005233255,兴安落叶松林,337.00000000000,兴安落叶松,2,北
XXALYF080822090,48.37852000000,130.11033000000,2 ,4 ,0 ,7 ,11 ,1220.03508304000,0.61001754152,8.10444444021,7.97111106449,白桦林,222.00000000000,白桦,9.42741108,17.52556801
XXALYF080822091,48.39425800000,130.14329200000,5 ,6 ,8 ,21 ,35 ,5531.67111707000,2.76583555854,8.43434342471,13.48989903810,红松林,208.00000000000,红松,12,295,中
XXALYF080822095,48.97961800000,129.38523800000,4 ,7 ,0 ,30 ,37 ,3178.43860160000,1.58921930080,9.11428574153,29.18571444920,兴安落叶松林,246.00000000000,兴安落叶松,2,西
XXALYF080824095,48.38448300000,130.70919800000,4 ,7 ,0 ,11 ,18 ,14375.45842820000,7.18772921410,8.58985499714,15.80434791590,蒙古栎林,209.00000000000,蒙古栎,15,180,上
XXALYF080824096,48.39351000000,130.70927700000,3 ,7 ,0 ,11 ,18 ,16288.79738740000,8.14439869370,11.95111112590,15.02111112810,杂木林,254.00000000000,白桦,10,180,上
XXALYF080824102,48.86307500000,130.30415200000,2 ,4 ,0 ,32 ,36 ,6501.56434753000,3.25078217377,14.40434788620,19.21304349170,兴安落叶松林,126.00000000000,兴安落叶松,2.13429999,333.43493652
XXALYF080824103,48.84233300000,130.28139800000,4 ,9 ,0 ,11 ,20 ,6480.85409800000,3.24042704900,5.01049382525,7.20479042087,白桦林,158.00000000000,白桦,3.32143211,158.9624939
XXALYF080825099,48.99097800000,129.88870700000,6 ,14 ,0 ,11 ,25 ,6137.52454525000,3.06876227263,14.36774193860,17.89838721680,兴安落叶松人工林,117.00000000000,兴安落叶松,5,315,中
XXALYF080825100,48.98123200000,129.91935000000,6 ,13 ,0 ,45 ,58 ,1038.23425960000,0.51911712980,5.29999999667,6.89999996230,蒙古栎灌丛,117.00000000000,蒙古栎,9,320,下
XXALYF080825105,49.25758300000,129.40463200000,6 ,8 ,0 ,28 ,36 ,8245.76941100000,4.12288470550,3.94730628790,5.50769232918,黑桦蒙古栎林,239.00000000000,蒙古栎,2,西北
XXALYF080825107,49.25964500000,129.49340500000,4 ,8 ,0 ,23 ,31 ,3557.54788281000,1.77877394141,5.39492067458,8.58365080659,白桦林,166.00000000000,白桦,2
XXALYF090728001,46.61562700000,127.62773400000,9 ,19 ,9 ,36 ,64 ,5407.69294198000,2.70384647099,11.48648648650,20.75675675680,红松人工林,256.00000000000,红松,2,321,中下
XXALYF090728002,46.61500000000,127.62770000000,5 ,15 ,18 ,30 ,63 ,6167.69708664000,3.08384854332,9.27631578947,10.50785340310,杂木林,205.00000000000,其他,4,西
XXALYF090729003,47.11263300000,127.93820700000,7 ,13 ,15 ,27 ,55 ,10904.70352920000,5.45235176460,11.45614035090,18.91228070180,落叶松人工林,214.00000000000,兴安落叶松,7.5,东北
XXALYF090729004,47.11455300000,127.94007500000,5 ,12 ,17 ,38 ,67 ,12207.57383960000,6.10378691980,9.06849315068,10.75684931510,杂木林,223.00000000000,其他,5,西南
XXALYF090801006,47.45452900000,127.69888900000,4 ,8 ,3 ,30 ,41 ,6456.87840856000,3.22843920428,8.59375000000,11.63281250000,白桦林,308.00000000000,白桦,0,,,有人工更新
XXALYF090801007,47.41600200000,127.64882400000,4 ,6 ,7 ,28 ,41 ,11566.54007400000,5.78327003700,19.20000000000,19.64179104480,兴安落叶松人工林,293.00000000000,兴安落叶松,4,北,中上,有清林
XXALYF090801008,47.45420200000,127.70427200000,10 ,20 ,33 ,11 ,64 ,11668.42028260000,5.83421014130,10.84285714290,15.22535211270,杂木林,287.00000000000,其他,0
XXALYF090801010,47.33913000000,127.57587200000,15 ,27 ,15 ,21 ,63 ,7155.38622355000,3.57769311178,12.03194444380,15.31506849320,针阔混交林,271.00000000000,兴安落叶松,0,0,0
XXALYF090802012,47.54797700000,127.18507000000,9 ,16 ,18 ,28 ,62 ,12783.39555710000,6.39169777855,10.52000000000,19.37254901960,蒙古栎林,271.00000000000,蒙古栎,0,0,0
XXALYF090802013,47.54966700000,127.18631700000,6 ,13 ,11 ,42 ,66 ,4688.20505743000,2.34410252872,8.94009216590,8.79680365297,兴安落叶松人工林,269.00000000000,兴安落叶松,2,255,中
XXALYF090803015,47.78366300000,127.52215300000,5 ,8 ,15 ,26 ,49 ,5357.60684888000,2.67880342444,8.75490196078,8.87254901961,杨桦林,358.00000000000,白桦,10,90,上
XXALYF090803016,47.77133300000,127.46188700000,3 ,4 ,8 ,54 ,66 ,7548.50729626000,3.77425364813,12.56521739130,10.33333333330,白桦林,322.00000000000,白桦,12,175,中,原为农田
XXALYF090803018,47.75972000000,127.63438500000,13 ,26 ,0 ,18 ,44 ,5955.30836972000,2.97765418486,10.49122807020,13.29824561400,白桦次生林,359.00000000000,白桦,0,0,0,有择伐
XXALYF090803019,47.77586700000,127.66065000000,7 ,12 ,0 ,39 ,51 ,11928.14016460000,5.96407008230,11.46715328470,14.71014492750,红松人工林,393.00000000000,红松,5,15,中
XXALYF090804020,48.20455000000,127.20736800000,13 ,22 ,30 ,17 ,69 ,5170.56858045000,2.58528429023,12.60975609760,19.12195121950,兴安落叶松人工林,336.00000000000,兴安落叶松,5,东
XXALYF090804022,48.20464200000,127.20742300000,9 ,18 ,36 ,10 ,64 ,9706.39911091000,4.85319955546,10.56842105260,14.25773195880,阔叶混交林,339.00000000000,白桦,5,东
XXALYF090804023,48.22454200000,127.23049500000,2 ,9 ,17 ,30 ,56 ,2035.60494553000,1.01780247277,7.90196078431,9.33333333333,白桦林,334.00000000000,白桦,5,342,中上
XXALYF090805024,47.96968300000,126.83371000000,5 ,10 ,18 ,25 ,53 ,6788.02134938000,3.39401067469,9.56428571431,10.40178571430,兴安落叶松天然次生林,310.00000000000,兴安落叶松,8,352,上
XXALYF090805025,47.94805200000,126.79457500000,12 ,23 ,20 ,25 ,68 ,6498.06338219000,3.24903169110,12.25423728810,19.06779661020,兴安落叶松次生林,283.00000000000,兴安落叶松,5,东南
XXALYF090805026,47.94782700000,126.79477000000,5 ,9 ,14 ,40 ,63 ,7196.79862636000,3.59839931318,16.15625000000,23.87500000000,兴安落叶松人工林,270.00000000000,兴安落叶松,4,35,上
XXALYF090807031,48.39994500000,126.64169300000,2 ,3 ,13 ,46 ,62 ,9952.39997524000,4.97619998762,10.61948052010,13.75324675320,硬阔林,347.00000000000,蒙古栎,1.50952697,71.56504822
XXALYF090807032,48.39983000000,126.64130700000,20 ,17 ,23 ,0 ,40 ,5338.18037106000,2.66909018553,8.62820512821,12.07692307690,兴安落叶松人工林,336.00000000000,兴安落叶松,2.90182161,99.46231842
XXALYF090807033,48.38309600000,126.50267600000,9 ,16 ,23 ,15 ,54 ,3122.34616031000,1.56117308016,11.58522727270,12.01136363640,兴安落叶松人工林,322.00000000000,兴安落叶松,1.39176345,300.96374512
XXALYF090808030,49.05233500000,127.05891800000,4 ,9 ,10 ,55 ,74 ,7128.33575887000,3.56416787944,12.68529411620,15.60294117650,兴安落叶松人工林,404.00000000000,兴安落叶松,3,142,上,择伐、火烧迹地
XXALYF090808034,49.05678100000,127.09216700000,15 ,25 ,13 ,28 ,66 ,5067.50078773000,2.53375039387,8.50793650794,9.76190476190,兴安落叶松白桦林,345.00000000000,兴安落叶松,4,东北
XXALYF090808036,49.05243700000,127.05941700000,8 ,20 ,0 ,31 ,51 ,4875.81072518000,2.43790536259,10.61744966440,11.18791946310,兴安落叶松人工林,432.00000000000,兴安落叶松,1,330,上,择伐，曾为耕地
XXALYF090809038,48.66176600000,126.25944400000,5 ,6 ,60 ,15 ,81 ,7384.64204097000,3.69232102049,9.04861111111,9.10416666667,蒙古栎林,392.00000000000,蒙古栎,3,15,上,有较多火山岩
XXALYF090809039,48.66317300000,126.27144500000,4 ,6 ,11 ,11 ,28 ,6767.41609666000,3.38370804833,9.22500000000,10.32500000000,白桦林,416.00000000000,白桦,4,0,中下,有腐烂伐桩
XXALYF090809040,48.66367500000,126.31282200000,8 ,9 ,11 ,9 ,29 ,6686.41385906000,3.34320692953,11.32673267330,14.35643564360,兴安落叶松人工林,326.00000000000,兴安落叶松,0,0,,有伐桩
XXALYF090809041,48.66000000000,126.27000000000,6 ,15 ,11 ,36 ,62 ,6903.53313180000,3.45176656590,7.71238938053,9.88793103448,白桦林,370.00000000000,白桦,1.72100616,213.69006348,,路边
XXALYF090809042,48.66000000000,126.27000000000,3 ,14 ,0 ,59 ,73 ,4177.69680046000,2.08884840023,8.32677165354,9.12598425197,兴安落叶松天然林,370.00000000000,兴安落叶松,1.72100616,213.69006348
XXALYF090812044,50.75526700000,125.93661200000,8 ,17 ,0 ,28 ,45 ,7339.41452670000,3.66970726335,8.37391304348,10.85217391300,兴安落叶松天然林,503.00000000000,兴安落叶松,5,90,中下
XXALYF090813046,50.75259000000,125.94070700000,8 ,15 ,19 ,30 ,64 ,8261.53684512000,4.13076842256,8.45882352485,9.48749999965,兴安落叶松白桦林,493.00000000000,兴安落叶松,5,90,中
XXALYF090813061,50.90967700000,126.05517800000,19 ,17 ,12 ,14 ,43 ,6794.44852431000,3.39722426216,11.72222222220,13.42592592590,兴安落叶松人工林,357.00000000000,兴安落叶松,3,50,中上,有间伐作业
XXALYF090813063,50.90096200000,126.07673000000,4 ,6 ,10 ,40 ,56 ,1292.92436243000,0.64646218122,10.18518518520,12.37037037040,兴安落叶松天然林,391.00000000000,兴安落叶松,8,27,中上,有火烧干扰、有间伐
XXALYF090814050,49.60000000000,125.50000000000,6 ,5 ,11 ,46 ,62 ,13514.61800990000,6.75730900495,8.28048780488,17.39024390240,蒙古栎林,315.00000000000,蒙古栎,10,北,上
XXALYF090814064,50.86289700000,126.01814800000,6 ,15 ,38 ,17 ,70 ,1121.78193774000,0.56089096887,8.90000000000,11.15000000000,兴安落叶松白桦林,382.00000000000,兴安落叶松,4,18,中,有火烧干扰，有伐桩、较湿
XXALYF090814065,49.98876700000,125.64008000000,5 ,7 ,8 ,8 ,23 ,5622.99186406000,2.81149593203,9.60122699387,9.42331288344,兴安落叶松人工林,394.00000000000,兴安落叶松,10,58,上,有伐桩，有放牧痕迹，较干燥
XXALYF090814066,49.98700000000,125.64000000000,16 ,20 ,8 ,15 ,43 ,2931.44137381000,1.46572068691,6.35206185604,5.57731958763,白桦次生天然林,405.00000000000,白桦,10,58,上,有伐桩，蒙古栎更新苗较多
XXALYF090815051,49.24621500000,125.98247800000,9 ,13 ,33 ,22 ,68 ,4359.61920678000,2.17980960339,12.11046511630,13.62790697670,兴安落叶松人工林,343.00000000000,兴安落叶松,2,270,中
XXALYF090815052,49.24150300000,125.92260200000,9 ,14 ,13 ,19 ,46 ,5446.76161827000,2.72338080914,13.29000000000,14.14000000000,兴安落叶松人工林,321.00000000000,兴安落叶松,4,0,中
XXALYF090815067,49.76640300000,125.54656200000,5 ,8 ,23 ,27 ,58 ,7135.34524711000,3.56767262356,5.81208053691,7.47651006711,蒙古栎林,376.00000000000,蒙古栎,26,90,中上,有火烧
XXALYF090815068,49.76723800000,125.54566800000,13 ,15 ,13 ,22 ,50 ,4964.91760749000,2.48245880375,6.10047846890,5.93779904306,白桦林,358.00000000000,白桦,4,320,中下
XXALYF090817057,49.47738000000,126.77393300000,12 ,12 ,11 ,19 ,42 ,7473.19404182000,3.73659702091,10.25252525250,11.78787878790,红松林,536.00000000000,红松,8,0,中上,有择伐
XXALYF090817059,49.53820800000,126.78454700000,15 ,30 ,10 ,10 ,50 ,5480.21905812000,2.74010952906,9.56000000000,11.69333333330,白桦林,433.00000000000,白桦,3,260,中,间伐
XXALYF090817073,49.55586800000,126.64234800000,2 ,4 ,24 ,8 ,36 ,11299.81385530000,5.64990692765,7.57469879576,10.92771084340,蒙古栎天然林,504.00000000000,蒙古栎,20,285,上,未见人为干扰，土层薄，下层石质
XXALYF090817074,49.55618000000,126.64172300000,3 ,5 ,12 ,14 ,31 ,5936.73987675000,2.96836993838,6.50617283951,7.43827160494,桦木林,498.00000000000,白桦,20,308,中上,土层薄，下有实质
XXALYF090817075,49.55448300000,126.63717800000,12 ,7 ,6 ,9 ,22 ,5820.85078247000,2.91042539124,7.66326530612,9.46464646465,毛赤杨林,466.00000000000,白桦,3,东北
XXALYF090817077,49.53996500000,126.59898700000,4 ,11 ,20 ,24 ,55 ,8616.18873124000,4.30809436562,12.47014925370,12.62686567160,兴安落叶松人工林,501.00000000000,兴安落叶松,2,47,中下,地表可见较多石块
XXALYF090818079,49.63113300000,126.80410800000,4 ,9 ,39 ,17 ,65 ,3845.73977426000,1.92286988713,8.40845070423,7.82517482517,白桦林,432.00000000000,白桦,5,238,中,水湿
XXALYF090818080,49.63458300000,126.80850000000,3 ,5 ,26 ,11 ,42 ,4019.42565198000,2.00971282599,12.95942029050,13.15714285710,兴安落叶松人工林,420.00000000000,兴安落叶松,10,51,上,有间伐
XXALYF090818101,49.67478200000,126.97188700000,13 ,14 ,10 ,41 ,65 ,8345.99654518000,4.17299827259,14.76388888890,15.90277777780,兴安落叶松人工林,354.00000000000,兴安落叶松,4,280,中
XXALYF090818102,46.69975800000,126.98371800000,4 ,8 ,21 ,24 ,53 ,14892.29196390000,7.44614598195,6.57947019868,10.92052980130,蒙古栎天然林,435.00000000000,蒙古栎,0
XXALYF090818103,49.74312900000,127.12401300000,6 ,10 ,10 ,30 ,50 ,12829.31883010000,6.41465941505,6.50000000000,9.79605263158,白桦林,386.00000000000,白桦,3,220,中
XXALYF090818104,49.93256500000,127.40464300000,6 ,7 ,20 ,31 ,58 ,13342.02924930000,6.67101462465,14.42957746480,17.50704225350,樟子松、落叶松人工林,123.00000000000,兴安落叶松,0
XXALYF090819083,50.22287200000,126.89668500000,5 ,8 ,0 ,15 ,23 ,3271.20089991000,1.63560044996,7.42717391382,8.29347826087,白桦天然次生林,478.00000000000,白桦,5,270,中下
XXALYF090819087,50.22988500000,126.95124500000,3 ,7 ,10 ,25 ,42 ,9381.54972593000,4.69077486297,8.72649572650,11.22033898310,山杨天然次生林,397.00000000000,白桦,10,228,上
XXALYF090819088,50.18967800000,127.08343000000,3 ,7 ,6 ,18 ,31 ,7210.81798724000,3.60540899362,10.79687500000,12.08593750000,兴安落叶松人工林,356.00000000000,兴安落叶松,8,135,上,样地极湿，但无地表水
XXALYF090819105,50.35267200000,126.59550800000,6 ,7 ,20 ,22 ,49 ,7639.04384931000,3.81952192466,15.88095238100,22.26190476190,兴安落叶松樟子松人工林,304.00000000000,兴安落叶松,22,350,中下
XXALYF090819107,50.31110300000,126.68708000000,4 ,5 ,35 ,25 ,65 ,9731.26415813000,4.86563207907,10.89090909090,12.98181818180,次生白桦林,483.00000000000,白桦,5,245,中
XXALYF090819108,50.30663700000,126.69419200000,3 ,5 ,16 ,32 ,53 ,10758.91802970000,5.37945901485,9.27906976744,14.26436781610,白桦黑桦林,529.00000000000,白桦,7,240,中
XXALYF090822089,50.96472300000,127.00689500000,6 ,10 ,7 ,15 ,32 ,14367.37806370000,7.18368903185,5.94693877551,9.91428571429,蒙古栎林,215.00000000000,蒙古栎,22,271,中上
XXALYF090822090,50.92210200000,127.07343300000,2 ,4 ,0 ,7 ,11 ,11361.23789610000,5.68061894805,8.73369565217,11.04347826090,小叶章――白桦,305.00000000000,白桦,2,296,中
XXALYF090822092,50.79450800000,127.17713300000,7 ,8 ,8 ,26 ,42 ,6993.93438853000,3.49696719427,9.05714285529,12.03896103900,蒙古栎山杨林,138.00000000000,白桦,15,110,4
XXALYF090823094,50.67434800000,127.23526300000,2 ,3 ,12 ,41 ,56 ,9790.40307657000,4.89520153829,6.20000000000,11.82352941180,蒙古栎黑桦林,306.00000000000,蒙古栎,12,26,中
XXALYF090823095,50.62236800000,127.28622000000,17 ,20 ,25 ,15 ,60 ,5635.01873059000,2.81750936530,8.02200000048,9.77000000000,白桦林,272.00000000000,白桦,2,130,下
XXALYF090823096,50.53424200000,127.28106300000,5 ,9 ,14 ,20 ,43 ,3581.68845888000,1.79084422944,6.38863636508,7.31060606061,蒙古栎林,165.00000000000,蒙古栎,13,118,中
XXALYF090823098,50.31757000000,127.30961200000,13 ,15 ,0 ,5 ,20 ,4732.72045467000,2.36636022734,9.38157894737,8.76315789474,白桦林,238.00000000000,白桦,3,70,中下
XXALYF090824099,49.40734800000,127.18624000000,2 ,5 ,12 ,55 ,72 ,4480.01170701000,2.24000585351,7.44017094017,8.01709401709,蒙古栎林,298.00000000000,蒙古栎,12,110,中
XXALYF090824109,49.40154000000,127.22922000000,13 ,20 ,0 ,38 ,58 ,6416.40335133000,3.20820167567,8.54918032787,10.36885245900,蒙古栎紫椴林,254.00000000000,蒙古栎,30,24,中上
XXALYF090825110,49.18485500000,127.58112200000,3 ,7 ,16 ,36 ,59 ,14346.36194430000,7.17318097215,7.20297029703,10.65841584160,蒙古栎林,294.00000000000,蒙古栎,10,155,上
XXALYF090825111,49.22553700000,127.56520800000,2 ,4 ,2 ,29 ,35 ,5496.15503595000,2.74807751798,9.34645669291,9.18110236220,黑桦蒙古栎林,338.00000000000,蒙古栎,7,355,上
XXALYF090825112,49.22802700000,127.56680800000,9 ,15 ,20 ,8 ,43 ,6809.29518787000,3.40464759394,12.60416666670,12.69444444440,白桦林,336.00000000000,白桦,6,204,中
XXALYF090826113,49.45192200000,128.12944200000,6 ,10 ,30 ,20 ,60 ,8702.98023800000,4.35149011900,18.41948051890,17.63636363640,桦木林,135.00000000000,白桦,3,350,中下,距场部较近，毗邻农田，土层深厚，未见地下水
XXALYF110727102,48.12963500000,130.62315800000,6 ,10 ,0 ,7 ,17 ,13299.17106240000,6.64958553120,11.35185185190,15.48148148150,羊胡苔草平榛蒙古栎林,131.00000000000,蒙古栎,16,165,上,坡度大，土层薄，灌层发达，草本层不发达，无明显人为干扰
XXALYF110728001,46.22422000000,127.73366200000,2 ,4 ,14 ,22 ,40 ,10016.71956800000,5.00835978400,9.93199998220,11.88333333810,杂木林,171.00000000000,其他,5.5,西南,,择伐
XXALYF110728002,46.19378000000,127.64865800000,6 ,11 ,25 ,13 ,49 ,14094.38391370000,7.04719195685,12.77119564230,13.29891298390,蒙古栎椴树林,228.00000000000,蒙古栎,12,166,上,择伐 ，火烧
XXALYF110728003,46.18735700000,127.63836300000,4 ,10 ,0 ,18 ,28 ,13957.41120540000,6.97870560270,14.87118645850,16.50677967880,胡桃楸 水曲柳林,234.00000000000,其他,5,东,,无
XXALYF110728103,48.14990700000,130.64935300000,2 ,5 ,17 ,7 ,29 ,11329.07594400000,5.66453797200,13.07407407410,16.19444444890,羊胡苔草东北山梅花红松人工林,127.00000000000,红松,12,17,中,有清林，红松林伴生种更新良好并进入主林层
XXALYF110728104,48.06987000000,130.65171800000,9 ,13 ,12 ,7 ,32 ,16896.68933260000,8.44834466630,16.28500000240,21.45062501430,羊胡苔草刺五加冷杉红松林,197.00000000000,云冷杉,15,,中上,坡度大，土层薄，无明显的人为干扰。
XXALYF110728105,48.05471300000,130.64077300000,3 ,3 ,13 ,11 ,27 ,14891.51953870000,7.44575976935,12.37962962960,18.99259258200,虎耳草毛缘苔草东北山梅花杂木林,373.00000000000,其他,6,26,上,有抚育伐 林下红松 更新较好
XXALYF110728106,48.00707000000,130.72862500000,15 ,16 ,11 ,16 ,43 ,5314.29447058000,2.65714723529,11.82142857140,12.75178570410,塔头苔草水冬瓜赤杨林,81.10000000000,其他,10,北,,水湿但无明显积水，水曲柳，红松更新良好
XXALYF110729004,46.22531700000,127.85951200000,4 ,11 ,0 ,27 ,38 ,2941.53201321000,1.47076600661,8.18749996168,9.25410711765,黑桦山杨树林,160.00000000000,白桦,8.5,东北,,择伐，坟地。
XXALYF110729005,46.22243700000,127.86126700000,3 ,8 ,0 ,25 ,33 ,5073.37423099000,2.53668711550,9.50333333545,12.50111111010,樟子松山杨林,133.00000000000,白桦,30,275,中,重度择伐
XXALYF110729006,46.21353000000,127.86045000000,4 ,8 ,26 ,23 ,57 ,3613.45750193000,1.80672875097,7.94150944476,10.16792456610,山杨水曲柳林,148.00000000000,白桦,30,125,中,择伐  火烧　　人工干扰严重
XXALYF110729007,46.20826800000,127.86083700000,2 ,6 ,10 ,35 ,51 ,4993.02880467000,2.49651440234,13.97636362420,13.27818183470,白桦 山杨林,166.00000000000,白桦,5,283,中,择伐 人工干扰中
XXALYF110729008,46.19722000000,127.86133700000,16 ,25 ,15 ,6 ,45 ,3554.75759477000,1.77737879739,8.26777778731,9.18999999894,椴树林,150.00000000000,其他,6,293,中,清林  透光   择伐
XXALYF110729108,48.11121700000,130.74061000000,6 ,11 ,0 ,10 ,21 ,9111.88242331000,4.55594121166,9.32117646722,13.69058822740,蒙古栎 黑桦 红松 混交林,72.60000000000,蒙古栎,8,北偏东,下,有倒木 有伐桩
XXALYF110729111,47.74255200000,130.83569000000,7 ,16 ,0 ,0 ,16 ,8683.55411827000,4.34177705914,9.48222222858,12.55333332490,蒙古栎黑桦混交林,115.00000000000,蒙古栎,8,南,下,有伐木，有取土。
XXALYF110730012,46.24413800000,128.28434800000,5 ,8 ,0 ,27 ,35 ,3909.66842331000,1.95483421166,11.91186440190,12.32033901500,榆树水曲柳白桦林,225.00000000000,白桦,7,89,中,无。
XXALYF110730112,47.73041000000,130.88936300000,5 ,14 ,10 ,10 ,34 ,2490.70519870000,1.24535259935,6.85162790432,9.47674421931,羊胡子苔草平榛蒙古栎林,94.10000000000,蒙古栎,8,50,中,土壤瘠薄，有少量伐桩，临近农田。
XXALYF110730113,47.72935000000,130.87798300000,3 ,8 ,0 ,6 ,14 ,6051.50315394000,3.02575157697,4.17540983294,9.68639349547,蕨平榛蒙古栎林,140.00000000000,蒙古栎,9,295,上,临近矿山，有伐桩，土层薄。
XXALYF110731013,46.21564200000,128.33158000000,6 ,15 ,0 ,21 ,36 ,5439.25756971000,2.71962878486,10.87500001380,14.17500001650,水曲柳白桦林,128.00000000000,白桦,1,2,中
XXALYF110731016,46.17874500000,128.35290500000,8 ,18 ,0 ,20 ,38 ,3674.82784571000,1.83741392286,11.45208330950,12.34375001490,白桦榆树林,144.00000000000,其他,3.1818127632,102.99461365
XXALYF110731115,48.05300200000,130.29989300000,5 ,9 ,0 ,23 ,32 ,17425.31668880000,8.71265834440,13.93857143270,19.26857139040,猴腿蹄盖蕨红松冷杉林,377.00000000000,红松,8,388,中,有伐桩 灌木层不发达 草本层发达
XXALYF110731117,48.05340000000,130.30078500000,4 ,7 ,11 ,15 ,33 ,11313.94814680000,5.65697407340,13.83157895320,16.94736844610,毛缘苔草珍珠梅水冬瓜林,372.00000000000,白桦,5,350,下,无明显人为干扰。红松更新较好，灌草层不发达。
XXALYF110731118,48.04369500000,130.30559000000,8 ,14 ,15 ,15 ,44 ,23084.55925230000,11.54227962615,17.81818179650,27.91818188540,水金凤山梅花臭冷杉红松林,432.00000000000,红松,13,209,中,紧邻旅游点 有一些施工废弃物
XXALYF110731119,48.04454500000,130.30896200000,8 ,11 ,21 ,10 ,42 ,21337.64763200000,10.66882381600,18.53870970200,31.84516133030,羊胡子苔草毛榛枫华红松林,443.00000000000,红松,8,220,中上,邻近旅游点，灌木有清林
XXALYF110731119,48.04454500000,130.30896200000,8 ,11 ,21 ,10 ,42 ,21337.64763200000,10.66882381600,18.53870970200,31.84516133030,羊胡子苔草毛榛枫华红松林,443.00000000000,红松,8,220,中上,邻近旅游点，灌木有清林
XXALYF110801017,46.49405800000,128.48229700000,10 ,14 ,0 ,30 ,44 ,7720.35411973000,3.86017705987,12.33000002500,15.58250001670,春榆水曲柳林,225.00000000000,其他,3.8436682224,209.74488831,,无
XXALYF110801018,46.49280200000,128.48180200000,16 ,15 ,0 ,20 ,35 ,5078.75000542000,2.53937500271,10.60000003380,11.90694443380,胡桃楸 春榆林,219.00000000000,其他,2,183,中,无
XXALYF110801019,46.48516000000,128.48164700000,5 ,12 ,0 ,28 ,40 ,5010.72601728000,2.50536300864,13.33953492030,14.79302328690,白桦 春榆,233.00000000000,白桦,6.762860775,198.43495178,,无
XXALYF110801021,46.47463500000,128.47744500000,10 ,10 ,10 ,25 ,45 ,2960.08652097000,1.48004326049,12.90631580350,11.95263157390,白桦林,204.00000000000,白桦,1.6876049042,171.86990356,,无
XXALYF110801121,48.11483800000,130.15061700000,4 ,10 ,50 ,0 ,60 ,8505.55314053000,4.25277657027,10.12121212480,14.53787874450,凸脉苔草平榛白桦林,227.00000000000,白桦,8.11127949,254.74488831,,地势平坦，无明显人为干扰，天然落叶松已进入主林层，但较少。
XXALYF110801122,48.09436000000,130.15716000000,15 ,25 ,14 ,16 ,55 ,4211.53512703000,2.10576756352,7.47833332221,11.39000007310,黑桦次生林,224.00000000000,白桦,12,292,下,林下有人工种植红皮云杉幼苗
XXALYF110801123,47.83371800000,129.94796300000,24 ,16 ,18 ,17 ,51 ,8018.42765578000,4.00921382789,8.88666666667,11.42533334410,修氏苔草珍珠梅水冬瓜林,235.00000000000,其他,3.32143211,21.03751183,,形成塔头但无积水，临近农田，有少量伐桩。
XXALYF110801124,47.82836200000,129.96565700000,13 ,14 ,17 ,17 ,48 ,6259.02421477000,3.12951210739,8.95822785172,10.46875000000,乌苏里羊胡子辽东B木杂木林,216.00000000000,白桦,9,25,上,林下造林活动。
XXALYF110802024,46.44425000000,128.45181000000,20 ,22 ,0 ,18 ,40 ,5307.37007700000,2.65368503850,10.12361112900,11.38472221300,红皮云杉 白桦林,181.00000000000,白桦,1.721006155,33.690067291,,无
XXALYF110802126,47.71648800000,129.98925700000,6 ,11 ,14 ,11 ,36 ,10937.19685460000,5.46859842730,8.56184210275,13.23815790600,羊胡子苔草 蒙古栎 林,270.00000000000,蒙古栎,12,226,上,邻近农田 林下人工更新胡林子
XXALYF110802127,47.71110000000,129.99801800000,3 ,7 ,8 ,22 ,37 ,15894.87317610000,7.94743658805,20.08874999170,13.98624997140,羊胡子苔草平榛蒙古栎林,240.00000000000,蒙古栎,12,230,中上,邻近农田 但无明显干扰 林龄较大
XXALYF110802128,47.70703200000,130.00154000000,13 ,15 ,7 ,8 ,30 ,8507.34962292000,4.25367481146,10.19152537850,14.43050841960,修氏苔草大叶樟平榛白桦蒙古栎林,230.00000000000,白桦,7.5,222,中下,有火烧痕迹，有清林和林下人工更新落叶松
XXALYF110802129,47.68330200000,130.06578800000,4 ,7 ,0 ,17 ,24 ,4060.45826688000,2.03022913344,8.36202528809,9.91446542290,兴安落叶松人工林,215.00000000000,兴安落叶松,2,210,下,水湿地改造落叶松人工林
XXALYF110802130,47.68096000000,130.12874700000,5 ,6 ,0 ,10 ,16 ,3274.01570301000,1.63700785151,7.68709676496,8.65645158675,三棱苔草胡枝子白桦林,186.00000000000,白桦,5,164,中,百花幼林 应有取上
XXALYF110803025,46.70878300000,128.77506700000,2 ,5 ,0 ,22 ,26 ,7727.33284116000,3.86366642058,9.66250002384,10.22812499350,白桦山杨林,405.00000000000,白桦,2,103,下,择伐。
XXALYF110803026,46.20781200000,128.77440000000,6 ,17 ,0 ,20 ,37 ,3556.16212964000,1.77808106482,11.16153845800,9.16282050121,水曲柳 白桦林,162.00000000000,白桦,3.7086167336,45,,清林
XXALYF110803027,46.20310000000,128.77522800000,9 ,10 ,9 ,28 ,47 ,2809.08588742000,1.40454294371,10.01136365800,12.16136363420,春榆 水曲柳 林,165.00000000000,其他,15,西南,,无
XXALYF110803028,46.20338600000,128.77551300000,18 ,10 ,0 ,34 ,44 ,3082.83828615000,1.54141914308,9.72400001049,10.67000004770,蒙古栎紫椴林,143.00000000000,蒙古栎,20,87,下,无
XXALYF110803029,46.20154800000,128.77693500000,6 ,11 ,20 ,17 ,48 ,4466.09875418000,2.23304937709,11.40444447200,13.48666667940,白桦 水曲柳林,160.00000000000,白桦,4.315448761,96.340194702,,无
XXALYF110803131,47.73239500000,130.22075000000,2 ,4 ,8 ,9 ,21 ,6681.06664437000,3.34053332219,9.33617020668,11.78212770500,乌苏里羊胡子平榛山杨林,153.00000000000,白桦,5,300,中上,土层薄，贫瘠。无明显人为干扰，林下红皮云杉更新良好。
XXALYF110803132,47.72384000000,130.22522700000,4 ,9 ,0 ,23 ,32 ,8305.85012976000,4.15292506488,7.36974786109,10.59327735820,乌苏里羊胡子平榛蒙古栎林,178.00000000000,蒙古栎,18,290,上,坡度大，有伐桩，林下人工更新红松，红皮云杉
XXALYF110803133,47.67845200000,130.24140300000,4 ,8 ,17 ,10 ,35 ,6331.96956579000,3.16598478290,12.98114758630,13.27418029970,兴安落叶松人工林,207.00000000000,兴安落叶松,3,230,中下,灌草层不发达。
XXALYF110803135,47.67175800000,130.24598200000,20 ,17 ,0 ,20 ,37 ,3746.25865952000,1.87312932976,9.00227269259,12.30227274240,塔头苔草 绣线菊 白桦林,172.00000000000,白桦,8,东,,无明显人为干扰 有少量积水 灌木层不发达
XXALYF110803138,48.09400000000,130.15700000000,1 ,3 ,14 ,15 ,32 ,6586.27732003000,3.29313866002,10.01354162400,11.45312500500,羊胡子苔草平榛蒙古栎林,137.00000000000,蒙古栎,3,288,中,图层较厚 有抚育 蒙古栎 糠椴更新良好
XXALYF110804030,46.19585700000,128.78349200000,15 ,17 ,0 ,22 ,39 ,5555.76918506000,2.77788459253,11.11190479140,11.22738090580,水曲柳胡桃楸林,169.00000000000,其他,10,193,下,择伐。
XXALYF110804031,46.19305500000,128.78703100000,8 ,19 ,0 ,17 ,36 ,5986.15178485000,2.99307589243,10.23962273690,13.14339625160,紫椴 胡桃楸林,164.00000000000,其他,10,178,下,择伐
XXALYF110804032,46.18994700000,128.79054500000,12 ,29 ,0 ,11 ,40 ,4102.82516063000,2.05141258032,10.15087724990,11.62456139560,云杉林,146.00000000000,云冷杉,5.7302556038,184.76364136,,择伐。
XXALYF110805033,45.99155500000,129.14130800000,3 ,15 ,0 ,35 ,50 ,3858.77635279000,1.92938817640,8.88319147394,8.11914894936,山杨人工林,82.90000000000,白桦,2,西,,无
XXALYF110805036,46.00784000000,129.13521500000,3 ,10 ,0 ,24 ,34 ,6555.86403228000,3.27793201614,22.45820903780,15.90447761760,蒙古栎兴安落叶松林,96.20000000000,蒙古栎,2.71992326,195.25511169,,无
XXALYF110805037,46.00806700000,129.13611700000,5 ,17 ,0 ,49 ,65 ,8629.72597393000,4.31486298697,14.14835165360,13.10879122290,蒙古栎红松人工林,80.40000000000,蒙古栎,3,东南,,择伐。
XXALYF110805038,46.00842000000,129.13799700000,8 ,18 ,0 ,41 ,59 ,11695.61168090000,5.84780584045,15.98235288350,15.85147058960,蒙古栎林,93.30000000000,蒙古栎,2.05277514,35.53767776,,择伐。
XXALYF110805139,47.41321500000,129.75659700000,6 ,17 ,16 ,10 ,43 ,8098.37310519000,4.04918655260,11.42318838920,15.74782603720,修氏苔草珍珠梅白桦林,323.00000000000,白桦,3,340,下,林下人工更新落叶松已接近主林层
XXALYF110805141,47.40995700000,129.84182000000,6 ,12 ,10 ,36 ,58 ,16242.74787620000,8.12137393810,13.00952383830,18.71428563860,羊胡子苔草兴安杜鹃蒙古栎林,370.00000000000,蒙古栎,28,218,上,坡度大、土壤瘠薄，蒙古栎、红松自然更新良好，个别红松进入主林层，有雷击木，但未见大面积过火痕迹，有少量伐桩。
XXALYF110805142,47.40854300000,129.86324500000,7 ,13 ,24 ,15 ,52 ,14505.49301420000,7.25274650710,14.18317755580,14.00934581220,凸脉苔草毛榛山杨林,354.00000000000,白桦,24,244,上,坡度较大，有伐桩，林下红松更新较好，但高度较低
XXALYF110806041,46.25538500000,129.12101200000,19 ,27 ,0 ,16 ,42 ,14999.68260850000,7.49984130425,10.62125006910,11.50624998810,毛赤杨白桦林,158.00000000000,白桦,11.39565468,209.74488831,,择伐
XXALYF110806043,46.25319800000,129.12928300000,10 ,14 ,0 ,40 ,54 ,8987.20509323000,4.49360254662,10.80888888310,12.06555555930,蒙古栎林,144.00000000000,蒙古栎,11,193,中下,无
XXALYF110806045,46.24251200000,129.15058200000,2 ,7 ,0 ,41 ,48 ,7684.31454744000,3.84215727372,10.23000000540,11.47999998160,蒙古栎林,149.00000000000,蒙古栎,7,189,中下,择伐  清林
XXALYF110806046,46.23958500000,129.15535000000,16 ,39 ,0 ,15 ,54 ,7758.48562616000,3.87924281308,14.54615392130,15.26923075090,山杨人工林,163.00000000000,白桦,2,181,上,择伐
XXALYF110806145,47.13590800000,129.75683300000,12 ,26 ,44 ,0 ,70 ,4221.27684181000,2.11063842091,15.76790124400,10.58024694600,兴安落叶松人工林,278.00000000000,兴安落叶松,4,155,中下,退耕还林造林，林下无有事灌木，有抚育伐
XXALYF110806146,47.12662500000,129.75644700000,11 ,18 ,0 ,10 ,28 ,7279.81137784000,3.63990568892,10.28787879510,12.24545453900,乌苏里羊胡子蒙古栎林,288.00000000000,蒙古栎,26,258,上,坡度大，土层薄，但较肥沃，有林下人工更新红松
XXALYF110806147,47.09376300000,129.80268500000,14 ,26 ,0 ,39 ,65 ,4983.28375583000,2.49164187792,9.29879514281,8.98433742178,小叶章绣线菊白桦林,216.00000000000,白桦,4.22268724,196.38954163,,有抚育，人工跟新落叶松不成功
XXALYF110807047,46.32159500000,129.11196800000,13 ,16 ,0 ,23 ,38 ,6035.94655436000,3.01797327718,16.54918028100,14.62459016240,兴安落叶松人工林,162.00000000000,兴安落叶松,1.90915239,270,,择伐
XXALYF110807048,46.32152500000,129.11225300000,17 ,19 ,0 ,11 ,30 ,6037.75219689000,3.01887609845,17.35820888410,15.15970148260,白桦 兴安落叶松林,138.00000000000,白桦,2,,43,择伐
XXALYF110807049,46.31976300000,129.11591800000,16 ,26 ,0 ,16 ,42 ,7149.38144190000,3.57469072095,18.26376807170,16.25507246240,兴安落叶松 水曲柳 林,186.00000000000,兴安落叶松,3,173,中,择伐
XXALYF110807050,46.31719200000,129.12884200000,26 ,38 ,0 ,9 ,47 ,4673.93975016000,2.33696987508,13.52544121180,13.05882352940,兴安落叶松人工林,185.00000000000,兴安落叶松,3,245,下,择伐。
XXALYF110807054,46.31090500000,129.15570000000,12 ,11 ,0 ,34 ,45 ,5003.41082124000,2.50170541062,14.41264373950,13.02068966560,兴安落叶松人工林,145.00000000000,兴安落叶松,5,231,下,择伐。
XXALYF110807154,47.37468000000,130.21071700000,6 ,10 ,10 ,45 ,65 ,9579.86236859000,4.78993118430,11.29999996510,16.96774192520,红松人工林,186.00000000000,红松,14,251,中,有抚育伐、灌草层不发达
XXALYF110808059,46.45353000000,129.09741800000,10 ,21 ,33 ,0 ,54 ,7727.39396626000,3.86369698313,14.94197532280,13.48048780310,兴安落叶松白桦林,184.00000000000,兴安落叶松,3,284,中,择伐
XXALYF110808060,46.44617600000,129.09005900000,8 ,21 ,0 ,21 ,42 ,7857.86481315000,3.92893240658,15.03058821170,13.43882352040,兴安落叶松白桦林,199.00000000000,白桦,30,337,中,红松人工更新
XXALYF110808061,46.44555700000,129.08252800000,10 ,23 ,0 ,12 ,34 ,3803.58670049000,1.90179335025,18.94999998810,12.37083329760,白桦林,201.00000000000,白桦,2.43313885,168.69006348,,无
XXALYF110808062,46.44675300000,129.07746700000,14 ,33 ,21 ,10 ,63 ,5141.59256303000,2.57079628152,14.70705883640,11.87647059380,红皮云杉水曲柳林,204.00000000000,兴安落叶松,2,135,中,红松人工更新
XXALYF110808063,46.44601000000,129.09035300000,5 ,15 ,0 ,19 ,34 ,7978.81992356000,3.98940996178,13.67119997020,11.23999999620,兴安落叶松水曲柳林,193.00000000000,兴安落叶松,3.18181276,192.99461365,,择伐
XXALYF110808065,46.44978500000,129.09597000000,11 ,25 ,0 ,13 ,38 ,3452.79199376000,1.72639599688,14.97738095830,10.96428570290,兴安落叶松水曲柳林,199.00000000000,兴安落叶松,3,181,中,择伐
XXALYF110808156,47.53061300000,130.31111700000,11 ,16 ,23 ,9 ,48 ,7744.52591744000,3.87226295872,8.95094334854,10.85566041150,乌苏里羊胡子平榛蒙古栎林,134.00000000000,蒙古栎,2,348,中,坡中台地，有抚育，土层深厚，红皮云杉更新良好
XXALYF110808157,47.47356300000,130.29605000000,6 ,9 ,31 ,7 ,47 ,3980.94804954000,1.99047402477,11.19411767230,13.36029409660,兴安落叶松人工林,162.00000000000,兴安落叶松,2,308,上,有抚育 地势平坦 灌木层不发达
XXALYF110808161,47.59733300000,129.92562500000,14 ,8 ,23 ,0 ,31 ,13549.56361620000,6.77478180810,13.78928569100,14.53690474370,乌苏里羊胡子毛榛子红松林,324.00000000000,红松,5,148,下,有少量伐桩 邻近旅游点
XXALYF110808163,47.60690200000,129.93966500000,9 ,17 ,8 ,20 ,45 ,12150.47136120000,6.07523568060,18.43292680020,16.53048784440,乌苏里羊胡子毛榛红松林,294.00000000000,红松,22,190,中,有早年砍伐，坡度较大但土层深厚，红松数量很多，见已接近主林层。
